{
    "$schema": "https://schema.management.azure.com/schemas/2019-04-01/deploymentTemplate.json#",
    "contentVersion": "1.0.0.0",
    "parameters": {
        "workspace": {
            "type": "String"
        }
    },
    "resources": [
        {
            "id": "[concat(resourceId('Microsoft.OperationalInsights/workspaces/providers', parameters('workspace'), 'Microsoft.SecurityInsights'),'/alertRules/46a20892-146c-422b-890e-4245faba3818')]",
            "name": "[concat(parameters('workspace'),'/Microsoft.SecurityInsights/46a20892-146c-422b-890e-4245faba3818')]",
            "type": "Microsoft.OperationalInsights/workspaces/providers/alertRules",
            "kind": "Scheduled",
            "apiVersion": "2022-11-01-preview",
            "properties": {
                "displayName": "Azure Diagnostic settings removed from a resource",
                "description": "This query looks for diagnostic settings that are removed from a resource.\nThis could indicate an attacker or malicious internal trying to evade detection before malicious act is performed.\nIf the diagnostic settings are being deleted as part of a parent resource deletion, the event is ignores.",
                "severity": "Medium",
                "enabled": true,
                "query": "AzureActivity\n| where OperationNameValue =~ \"MICROSOFT.INSIGHTS/DIAGNOSTICSETTINGS/DELETE\"\n| summarize\n    TimeGenerated = arg_max(TimeGenerated, Properties),\n    ActivityStatusValue = make_set(ActivityStatusValue, 5),\n    take_any(Caller, CallerIpAddress, OperationName, ResourceGroup, Resource)\n    by CorrelationId, _ResourceId, OperationNameValue\n| extend ResourceHierarchy = split(_ResourceId, \"/\")\n| extend MonitoredResourcePath = strcat_array(array_slice(ResourceHierarchy, 0, array_length(ResourceHierarchy)-5), \"/\")\n| join kind=leftanti (\n    AzureActivity\n    | where OperationNameValue !~ \"MICROSOFT.INSIGHTS/DIAGNOSTICSETTINGS/DELETE\" and OperationNameValue endswith \"/DELETE\" and ActivityStatusValue has_any (\"Success\", \"Succeeded\")\n    | project _ResourceId\n) on $left.MonitoredResourcePath == $right._ResourceId\n| extend\n    Name = iif(Caller has \"@\", tostring(split(Caller, \"@\")[0]), \"\"),\n    UPNSuffix = iif(Caller has \"@\", tostring(split(Caller, \"@\")[1]), \"\"),\n    AadUserId = iif(Caller has \"@\", \"\", Caller)\n| project TimeGenerated, Caller, CallerIpAddress, OperationNameValue, OperationName, ActivityStatusValue, ResourceGroup, MonitoredResourcePath, Resource, Properties, Name, UPNSuffix, AadUserId, _ResourceId, CorrelationId\n",
                "queryFrequency": "PT5M",
                "queryPeriod": "PT5M",
                "triggerOperator": "GreaterThan",
                "triggerThreshold": 0,
                "suppressionDuration": "PT1H",
                "suppressionEnabled": false,
                "startTimeUtc": null,
                "tactics": [
                    "DefenseEvasion"
                ],
                "techniques": [
                    "T1562"
                ],
                "alertRuleTemplateName": "6e95aef3-a1e0-4063-8e74-cd59aa59f245",
                "incidentConfiguration": {
                    "createIncident": true,
                    "groupingConfiguration": {
                        "enabled": true,
                        "reopenClosedIncident": false,
                        "lookbackDuration": "PT5H",
                        "matchingMethod": "Selected",
                        "groupByEntities": [
                            "Account"
                        ],
                        "groupByAlertDetails": [],
                        "groupByCustomDetails": []
                    }
                },
                "eventGroupingSettings": {
                    "aggregationKind": "SingleAlert"
                },
                "alertDetailsOverride": null,
                "customDetails": null,
                "entityMappings": [
                    {
                        "entityType": "Account",
                        "fieldMappings": [
                            {
                                "identifier": "AadUserId",
                                "columnName": "AadUserId"
                            },
                            {
                                "identifier": "Name",
                                "columnName": "Name"
                            },
                            {
                                "identifier": "UPNSuffix",
                                "columnName": "UPNSuffix"
                            }
                        ]
                    },
                    {
                        "entityType": "IP",
                        "fieldMappings": [
                            {
                                "identifier": "Address",
                                "columnName": "CallerIpAddress"
                            }
                        ]
                    }
                ],
                "sentinelEntitiesMappings": null,
                "templateVersion": "1.0.2"
            }
        }
    ]
}