{
    "$schema": "https://schema.management.azure.com/schemas/2019-04-01/deploymentTemplate.json#",
    "contentVersion": "1.0.0.0",
    "parameters": {
        "workspace": {
            "type": "String"
        }
    },
    "resources": [
        {
            "id": "[concat(resourceId('Microsoft.OperationalInsights/workspaces/providers', parameters('workspace'), 'Microsoft.SecurityInsights'),'/alertRules/d980b106-591f-42b5-bbe4-116415fb0c2d')]",
            "name": "[concat(parameters('workspace'),'/Microsoft.SecurityInsights/d980b106-591f-42b5-bbe4-116415fb0c2d')]",
            "type": "Microsoft.OperationalInsights/workspaces/providers/alertRules",
            "kind": "NRT",
            "apiVersion": "2022-11-01-preview",
            "properties": {
                "displayName": "NRT Process executed from binary hidden in Base64 encoded file",
                "description": "Encoding malicious software is a technique used to obfuscate files from detection.\nThe first CommandLine component is looking for Python decoding base64.\nThe second CommandLine component is looking for Bash/sh command line base64 decoding.\nThe third one is looking for Ruby decoding base64.",
                "severity": "Medium",
                "enabled": true,
                "query": "SecurityEvent\n| where EventID==4688\n| where isnotempty(CommandLine)\n| project TimeGenerated, Computer, Account = SubjectUserName, AccountDomain = SubjectDomainName, FileName = Process, CommandLine, ParentProcessName\n| where CommandLine contains \".decode('base64')\"\n        or CommandLine contains \"base64 --decode\"\n        or CommandLine contains \".decode64(\"\n",
                "suppressionDuration": "PT1H",
                "suppressionEnabled": false,
                "tactics": [
                    "Execution",
                    "DefenseEvasion"
                ],
                "techniques": [
                    "T1059",
                    "T1027",
                    "T1140"
                ],
                "alertRuleTemplateName": "7ad4c32b-d0d2-411c-a0e8-b557afa12fce",
                "incidentConfiguration": {
                    "createIncident": true,
                    "groupingConfiguration": {
                        "enabled": false,
                        "reopenClosedIncident": false,
                        "lookbackDuration": "PT5H",
                        "matchingMethod": "AllEntities",
                        "groupByEntities": [],
                        "groupByAlertDetails": [],
                        "groupByCustomDetails": []
                    }
                },
                "eventGroupingSettings": {
                    "aggregationKind": "SingleAlert"
                },
                "alertDetailsOverride": null,
                "customDetails": null,
                "entityMappings": [
                    {
                        "entityType": "Account",
                        "fieldMappings": [
                            {
                                "identifier": "FullName",
                                "columnName": "Account"
                            }
                        ]
                    },
                    {
                        "entityType": "Host",
                        "fieldMappings": [
                            {
                                "identifier": "FullName",
                                "columnName": "Computer"
                            }
                        ]
                    }
                ],
                "sentinelEntitiesMappings": null,
                "templateVersion": "1.0.0"
            }
        }
    ]
}