{
    "$schema": "https://schema.management.azure.com/schemas/2019-04-01/deploymentTemplate.json#",
    "contentVersion": "1.0.0.0",
    "parameters": {
        "workspace": {
            "type": "String"
        },
        "query_id": {
            "defaultValue": "[newGuid()]",
            "type": "String"
        },
        "displayname": {
            "type": "string",
            "defaultValue": "BlackCatRansomware",
            "metadata": {
                "description": "Name for your hunting query"
            }
        },
        "query": {
            "type": "string",
            "defaultValue": "let MD5_IOCs = dynamic(['861738dd15eb7fb50568f0e39a69e107', '9f60dd752e7692a2f5c758de4eab3e6f', '09bc47d7bc5e40d40d9729cec5e39d73', \r\n'f5ef5142f044b94ac5010fd883c09aa7', '84e3b5fe3863d25bb72e25b10760e861', '9f2309285e8a8471fce7330fcade8619', '6c6c46bdac6713c94debbd454d34efd9', \r\n'e7ee8ea6fb7530d1d904cdb2d9745899', '815bb1b0c5f0f35f064c55a1b640fca5', '6c2874169fdfb30846fe7ffe34635bdb', '20855475d20d252dda21287264a6d860', \r\n'82db4c04f5dcda3bfcd75357adf98228', 'fcf3a6eeb9f836315954dae03459716d', '91625f7f5d590534949ebe08cc728380']);\r\nlet SHA1_IOCs = dynamic (['d241df7b9d2ec0b8194751cd5ce153e27cc40fa4', '4831c1b113df21360ef68c450b5fca278d08fae2', \r\n'fce13da5592e9e120777d82d27e06ed2b44918cf', '3f85f03d33b9fe25bcfac611182da4ab7f06a442', '37178dfaccbc371a04133d26a55127cf4d4382f8', \r\n'1b2a30776df64fbd7299bd588e21573891dcecbe']);\r\nlet SHA256_IOCs = dynamic(['731adcf2d7fb61a8335e23dbee2436249e5d5753977ec465754c6b699e9bf161', \r\n'f837f1cd60e9941aa60f7be50a8f2aaaac380f560db8ee001408f35c1b7a97cb', \r\n'731adcf2d7fb61a8335e23dbee2436249e5d5753977ec465754c6b699e9bf161', \r\n'80dd44226f60ba5403745ba9d18490eb8ca12dbc9be0a317dd2b692ec041da28']);\r\nlet IP_IOCs = dynamic (['89.44.9.243', '142.234.157.246', '45.134.20.66', '185.220.102.253',\r\n     '37.120.238.58', '152.89.247.207', '198.144.121.93', '89.163.252.230',\r\n     '45.153.160.140', '23.106.223.97', '139.60.161.161', '146.0.77.15',\r\n     '94.232.41.155']);\r\n(union isfuzzy=true\r\n     (DeviceNetworkEvents\r\n     | where RemoteIP has_any (IP_IOCs)),\r\n     (DeviceFileEvents\r\n     | where MD5 has_any (MD5_IOCs)),\r\n     (DeviceFileEvents\r\n     | where SHA1 has_any (SHA1_IOCs)),\r\n     (DeviceFileEvents\r\n     | where SHA256 has_any (SHA256_IOCs))\r\n)",            "metadata": {
                "description": "Type your query here (e.g. SigninLogs | take 10)"
            }
        },
        "tactics": {
            "type": "string",
            "defaultValue": "CredentialAccess,InitialAccess",
            "metadata": {
                "description": "MITRE ATT&CK tactics. Allowed value is a comma separated subset of the following values: DefenseEvasion, Impact, CommandAndControl, Collection, LateralMovement, PreAttack, Exfiltration, Discovery, CredentialAccess, PrivilegeEscalation, Persistence, Execution, InitialAccess"
            }
        },
        "techniques": {
            "type": "string",
            "defaultValue": "T1110,T1091",
            "metadata": {
                "description": "MITRE ATT&CK techniques and sub-techniques. Allows value is a comma separated string of all applicable techniques and sub-techniques (e.g. 'T1547,T1547.001')"
            }
        }
    },
    "functions": [],
    "variables": {},
    "resources": [
        {
            "type": "Microsoft.OperationalInsights/workspaces/savedSearches",
            "apiVersion": "2020-08-01",
            "name": "[concat(parameters('workspace'), '/',parameters('query_id'))]",
            "properties": {
                "etag": "*",
                "Category": "Hunting Queries",
                "DisplayName": "[parameters('displayname')]", 
                "Query": "[parameters('query')]",
                "Tags": [
                    {
                        "Name": "description",
                        "Value": "Used as test query from Repository"
                    },
                    {
                        "Name": "tactics",
                        "Value": "[parameters('tactics')]"
                    },
                    {
                        "Name": "techniques", 
                        "Value": "[parameters('techniques')]"
                    }
                ]
            }
        }
    ],
    "outputs": {}
}