{
    "$schema": "https://schema.management.azure.com/schemas/2019-04-01/deploymentTemplate.json#",
    "contentVersion": "1.0.0.0",
    "parameters": {
        "workspace": {
            "type": "String"
        }
    },
    "resources": [
    {
      "type": "Microsoft.OperationalInsights/workspaces/savedSearches",
      "apiVersion": "2020-08-01",
      "name": "[concat(parameters('workspace'), '/Udemy-p01-2023-1407-CyberCheckYoutube')]",
      "properties": {
        "etag": "*",
        "category": "Sentinel",
        "displayName": "Repository",
        "FunctionAlias": "Repository",
        "query": "print 'Parser from Github repository'",
        "version": 2,
        "functionParameters": "disabled:bool=False"
      }
    }
    ]
}