{
    "$schema": "https://schema.management.azure.com/schemas/2019-04-01/deploymentTemplate.json#",
    "contentVersion": "1.0.0.0",
    "metadata": {
        "title": "",
        "description": "",
        "prerequisites": "",
        "postDeployment": [],
        "prerequisitesDeployTemplateFile": "",
        "lastUpdateTime": "",
        "entities": [],
        "tags": [],
        "support": {
            "tier": "community",
            "armtemplate": "Generated from https://github.com/Azure/Azure-Sentinel/tree/master/Tools/Playbook-ARM-Template-Generator"
        },
        "author": {
            "name": ""
        }
    },
    "parameters": {
        "PlaybookName": {
            "defaultValue": "Block-AADUser-Incident",
            "type": "string"
        }
    },
    "variables": {
        "AzureadConnectionName": "[concat('Azuread-', parameters('PlaybookName'))]",
        "MicrosoftsentinelConnectionName": "[concat('Microsoftsentinel-', parameters('PlaybookName'))]",
        "Office365ConnectionName": "[concat('Office365-', parameters('PlaybookName'))]"
    },
    "resources": [
        {
            "properties": {
                "provisioningState": "Succeeded",
                "state": "Enabled",
                "definition": {
                    "$schema": "https://schema.management.azure.com/providers/Microsoft.Logic/schemas/2016-06-01/workflowdefinition.json#",
                    "contentVersion": "1.0.0.0",
                    "parameters": {
                        "$connections": {
                            "type": "Object"
                        }
                    },
                    "triggers": {
                        "Microsoft_Sentinel_incident": {
                            "type": "ApiConnectionWebhook",
                            "inputs": {
                                "body": {
                                    "callback_url": "@{listCallbackUrl()}"
                                },
                                "host": {
                                    "connection": {
                                        "name": "@parameters('$connections')['microsoftsentinel']['connectionId']"
                                    }
                                },
                                "path": "/incident-creation"
                            }
                        }
                    },
                    "actions": {
                        "Entities_-_Get_Accounts": {
                            "type": "ApiConnection",
                            "inputs": {
                                "body": "@triggerBody()?['object']?['properties']?['relatedEntities']",
                                "host": {
                                    "connection": {
                                        "name": "@parameters('$connections')['microsoftsentinel']['connectionId']"
                                    }
                                },
                                "method": "post",
                                "path": "/entities/account"
                            }
                        },
                        "For_each": {
                            "foreach": "@body('Entities_-_Get_Accounts')?['Accounts']",
                            "actions": {
                                "Condition": {
                                    "actions": {
                                        "Condition_-_if_user_have_manager": {
                                            "actions": {
                                                "Add_comment_to_incident_-_with_manager_-_no_admin": {
                                                    "runAfter": {
                                                        "Get_user_-_details": [
                                                            "Succeeded"
                                                        ]
                                                    },
                                                    "type": "ApiConnection",
                                                    "inputs": {
                                                        "body": {
                                                            "incidentArmId": "@triggerBody()?['object']?['id']",
                                                            "message": "<p>User @{items('For_each')?['Name']} (UPN - @{concat(items('For_each')?['Name'], '@', items('for_each')?['UPNSuffix'])}) was disabled in AAD via playbook Block-AADUser. Manager (@{body('Parse_JSON_-_get_user_manager')?['userPrincipalName']}) is notified.</p>"
                                                        },
                                                        "host": {
                                                            "connection": {
                                                                "name": "@parameters('$connections')['microsoftsentinel']['connectionId']"
                                                            }
                                                        },
                                                        "method": "post",
                                                        "path": "/Incidents/Comment"
                                                    }
                                                },
                                                "Get_user_-_details": {
                                                    "type": "ApiConnection",
                                                    "inputs": {
                                                        "host": {
                                                            "connection": {
                                                                "name": "@parameters('$connections')['azuread']['connectionId']"
                                                            }
                                                        },
                                                        "method": "get",
                                                        "path": "/v1.0/users/@{encodeURIComponent(concat(items('For_each')?['Name'], '@', items('for_each')?['UPNSuffix']))}"
                                                    }
                                                },
                                                "Send_an_email_-_to_manager_-_no_admin": {
                                                    "runAfter": {
                                                        "Add_comment_to_incident_-_with_manager_-_no_admin": [
                                                            "Succeeded"
                                                        ]
                                                    },
                                                    "type": "ApiConnection",
                                                    "inputs": {
                                                        "body": {
                                                            "Body": "<p>Security notification! This is automated email sent by Microsoft Sentinel Automation!<br>\n<br>\nYour direct report @{items('For_each')?['Name']} has been disabled in Azure AD due to the security incident. Can you please notify the user and work with him to reach&nbsp;our support.<br>\n<br>\nDirect report details:<br>\nFirst name: @{body('Get_user_-_details')?['displayName']}<br>\nSurname: @{body('Get_user_-_details')?['surname']}<br>\nJob title: @{body('Get_user_-_details')?['jobTitle']}<br>\nOffice location: @{body('Get_user_-_details')?['officeLocation']}<br>\nBusiness phone: @{body('Get_user_-_details')?['businessPhones']}<br>\nMobile phone: @{body('Get_user_-_details')?['mobilePhone']}<br>\nMail: @{body('Get_user_-_details')?['mail']}<br>\n<br>\nThank you!</p>",
                                                            "Importance": "High",
                                                            "Subject": "@{items('For_each')?['Name']}  has been disabled in Azure AD due to the security risk!",
                                                            "To": "@body('Parse_JSON_-_get_user_manager')?['userPrincipalName']"
                                                        },
                                                        "host": {
                                                            "connection": {
                                                                "name": "@parameters('$connections')['office365']['connectionId']"
                                                            }
                                                        },
                                                        "method": "post",
                                                        "path": "/v2/Mail"
                                                    }
                                                }
                                            },
                                            "runAfter": {
                                                "Parse_JSON_-_get_user_manager": [
                                                    "Succeeded"
                                                ]
                                            },
                                            "else": {
                                                "actions": {
                                                    "Add_comment_to_incident_-_no_manager_-_no_admin": {
                                                        "type": "ApiConnection",
                                                        "inputs": {
                                                            "body": {
                                                                "incidentArmId": "@triggerBody()?['object']?['id']",
                                                                "message": "<p>User @{items('For_each')?['Name']} (UPN - @{concat(items('For_each')?['Name'], '@', items('for_each')?['UPNSuffix'])}) was disabled in AAD via playbook Block-AADUser. Manager has not been notified, since it is not found for this user!</p>"
                                                            },
                                                            "host": {
                                                                "connection": {
                                                                    "name": "@parameters('$connections')['microsoftsentinel']['connectionId']"
                                                                }
                                                            },
                                                            "method": "post",
                                                            "path": "/Incidents/Comment"
                                                        }
                                                    }
                                                }
                                            },
                                            "expression": {
                                                "and": [
                                                    {
                                                        "not": {
                                                            "equals": [
                                                                "@body('Parse_JSON_-_get_user_manager')?['userPrincipalName']",
                                                                "@null"
                                                            ]
                                                        }
                                                    }
                                                ]
                                            },
                                            "type": "If"
                                        },
                                        "HTTP_-_get_user_manager": {
                                            "type": "Http",
                                            "inputs": {
                                                "authentication": {
                                                    "audience": "https://graph.microsoft.com/",
                                                    "type": "ManagedServiceIdentity"
                                                },
                                                "method": "GET",
                                                "uri": "https://graph.microsoft.com/v1.0/users/@{concat(items('For_each')?['Name'], '@', items('for_each')?['UPNSuffix'])}/manager"
                                            }
                                        },
                                        "Parse_JSON_-_get_user_manager": {
                                            "runAfter": {
                                                "HTTP_-_get_user_manager": [
                                                    "Succeeded",
                                                    "Failed"
                                                ]
                                            },
                                            "type": "ParseJson",
                                            "inputs": {
                                                "content": "@body('HTTP_-_get_user_manager')",
                                                "schema": {
                                                    "properties": {
                                                        "userPrincipalName": {
                                                            "type": "string"
                                                        }
                                                    },
                                                    "type": "object"
                                                }
                                            }
                                        }
                                    },
                                    "runAfter": {
                                        "Update_user_-_disable_user": [
                                            "Succeeded",
                                            "Failed"
                                        ]
                                    },
                                    "else": {
                                        "actions": {
                                            "Add_comment_to_incident_-_error_details": {
                                                "type": "ApiConnection",
                                                "inputs": {
                                                    "body": {
                                                        "incidentArmId": "@triggerBody()?['object']?['id']",
                                                        "message": "<p>Block-AADUser playbook could not disable user @{items('For_each')?['Name']}.<br>\nError message: @{body('Update_user_-_disable_user')['error']['message']}<br>\nNote: If user is admin, this playbook don't have privilages to block admin users!</p>"
                                                    },
                                                    "host": {
                                                        "connection": {
                                                            "name": "@parameters('$connections')['microsoftsentinel']['connectionId']"
                                                        }
                                                    },
                                                    "method": "post",
                                                    "path": "/Incidents/Comment"
                                                }
                                            }
                                        }
                                    },
                                    "expression": {
                                        "and": [
                                            {
                                                "equals": [
                                                    "@body('Update_user_-_disable_user')",
                                                    "@null"
                                                ]
                                            }
                                        ]
                                    },
                                    "type": "If"
                                },
                                "Update_user_-_disable_user": {
                                    "type": "ApiConnection",
                                    "inputs": {
                                        "body": {
                                            "accountEnabled": false
                                        },
                                        "host": {
                                            "connection": {
                                                "name": "@parameters('$connections')['azuread']['connectionId']"
                                            }
                                        },
                                        "method": "patch",
                                        "path": "/v1.0/users/@{encodeURIComponent(concat(items('For_each')?['Name'], '@', items('for_each')?['UPNSuffix']))}"
                                    }
                                }
                            },
                            "runAfter": {
                                "Entities_-_Get_Accounts": [
                                    "Succeeded"
                                ]
                            },
                            "type": "Foreach"
                        }
                    }
                },
                "parameters": {
                    "$connections": {
                        "value": {
                            "azuread": {
                                "connectionId": "[resourceId('Microsoft.Web/connections', variables('AzureadConnectionName'))]",
                                "connectionName": "[variables('AzureadConnectionName')]",
                                "id": "[concat('/subscriptions/', subscription().subscriptionId, '/providers/Microsoft.Web/locations/', resourceGroup().location, '/managedApis/Azuread')]"
                            },
                            "microsoftsentinel": {
                                "connectionId": "[resourceId('Microsoft.Web/connections', variables('MicrosoftsentinelConnectionName'))]",
                                "connectionName": "[variables('MicrosoftsentinelConnectionName')]",
                                "id": "[concat('/subscriptions/', subscription().subscriptionId, '/providers/Microsoft.Web/locations/', resourceGroup().location, '/managedApis/Azuresentinel')]",
                                "connectionProperties": {
                                    "authentication": {
                                        "type": "ManagedServiceIdentity"
                                    }
                                }
                            },
                            "office365": {
                                "connectionId": "[resourceId('Microsoft.Web/connections', variables('Office365ConnectionName'))]",
                                "connectionName": "[variables('Office365ConnectionName')]",
                                "id": "[concat('/subscriptions/', subscription().subscriptionId, '/providers/Microsoft.Web/locations/', resourceGroup().location, '/managedApis/Office365')]"
                            }
                        }
                    }
                }
            },
            "name": "[parameters('PlaybookName')]",
            "type": "Microsoft.Logic/workflows",
            "location": "[resourceGroup().location]",
            "tags": {
                "LogicAppsCategory": "security",
                "hidden-SentinelWorkspaceId": "/subscriptions/1ec15845-0467-4b43-bb95-d3badc6dff62/resourceGroups/RG-Microsoft-Sentinel-NE/providers/microsoft.OperationalInsights/Workspaces/Microsoft-Sentinel",
                "hidden-SentinelTemplateName": "Block-AADUser-Incident",
                "hidden-SentinelTemplateVersion": "1.0"
            },
            "identity": {
                "type": "SystemAssigned"
            },
            "apiVersion": "2017-07-01",
            "dependsOn": [
                "[resourceId('Microsoft.Web/connections', variables('AzureadConnectionName'))]",
                "[resourceId('Microsoft.Web/connections', variables('MicrosoftsentinelConnectionName'))]",
                "[resourceId('Microsoft.Web/connections', variables('Office365ConnectionName'))]"
            ]
        },
        {
            "type": "Microsoft.Web/connections",
            "apiVersion": "2016-06-01",
            "name": "[variables('AzureadConnectionName')]",
            "location": "[resourceGroup().location]",
            "kind": "V1",
            "properties": {
                "displayName": "[variables('AzureadConnectionName')]",
                "customParameterValues": {},
                "api": {
                    "id": "[concat('/subscriptions/', subscription().subscriptionId, '/providers/Microsoft.Web/locations/', resourceGroup().location, '/managedApis/Azuread')]"
                }
            }
        },
        {
            "type": "Microsoft.Web/connections",
            "apiVersion": "2016-06-01",
            "name": "[variables('MicrosoftsentinelConnectionName')]",
            "location": "[resourceGroup().location]",
            "kind": "V1",
            "properties": {
                "displayName": "[variables('MicrosoftsentinelConnectionName')]",
                "customParameterValues": {},
                "parameterValueType": "Alternative",
                "api": {
                    "id": "[concat('/subscriptions/', subscription().subscriptionId, '/providers/Microsoft.Web/locations/', resourceGroup().location, '/managedApis/Azuresentinel')]"
                }
            }
        },
        {
            "type": "Microsoft.Web/connections",
            "apiVersion": "2016-06-01",
            "name": "[variables('Office365ConnectionName')]",
            "location": "[resourceGroup().location]",
            "kind": "V1",
            "properties": {
                "displayName": "[variables('Office365ConnectionName')]",
                "customParameterValues": {},
                "api": {
                    "id": "[concat('/subscriptions/', subscription().subscriptionId, '/providers/Microsoft.Web/locations/', resourceGroup().location, '/managedApis/Office365')]"
                }
            }
        }
    ]
}
